The Derek Trucks Band,blues;Southern Rock;allboutguitar;double-ender 9;hmm yeah;Man music;Soul Stax;Derek Trucks;gotcha;jamband;Jam;amazing;blues rock;rnb;gospel;soul;guitar,Soul Serenade/Rasta Man Chant,TRKKKQF128F425C106
Darren Hayes,pop;australian;male vocalists;mellow alternative;Mellow;songs I absolutely love;DAZS FAVOURITES;love song mix;clear love song lyrics;mello mix;soft ecclectic mix;ecclectic mellow mix;love songs with clear lyrics;alternative love song mix;crazyshitradio;mellonchollic romantic songs;melloncholly and romantic;weicheisongs;melloncholic mood;6th Avenue;fall 2006;private stashshsh;Coooooooooooooooooooool;lts;Astor Place;AV Closet;coolelyrics;music gems;electronic;electronica;sad;Favourite Songs;romantic;lonely;Dreamy;drunk;www;emotion;00's;random favorite songs;darren hayes;sense of humor;rock;rap;alternative;the tension and the spark;Hip-Hop;emo;new gay music;Tyler Adam;Nelson Clemente;the best eclectic tag ever - period - dec-05 top-30s;homosexual;electric;savage garden;elton john;scissor sisters,Sense Of Humor,TRKKKTM128F4282970
Big Mama Thornton,blues;female vocalists;double-ender 4;double-ender 11;soul;cool;drive;roots of rock;my zany zoo;fuck elvis;the REAL rhythm and blues root of rock n roll;Big Mama Thorton;rockitxten;rhythm and blues;Texas Blues;Leiber and Stoller,I Smell A Rat,TRKKKNE128F9310000
DJ Shog,,Jelousy,TRKKKAT128F92DCCA6
The Fontane Sisters,,The Howdy Doody Christmas,TRKKKHY128F42A7DE0
Barbara Dickson,female vocalists;Barbara Dickson,Hold On,TRKKKQZ128F92C1DAE
Plain White T's,indie;acoustic;rock;easy listening;emo;Love;comforting;favorites;give me chills;Slow Down;Plain White T's;realization;so sad;freshman year;s2;deep thoughts;radios in heaven;aiiight;piniwis;sing along with me;Plain White Ts - Radios in Heaven;aiights;natillita;me cago en las putas canciones tristes;Mellow;punk;Sleep;indie rock;sad;pop rock;depressing;death;My Favorites;nighttime;pop punk;poetic;alternative;pop;chill;plain white ts;YuM,Radios in Heaven,TRKKKLM128F4292258
Prinz Pi,,Heimlicher Abgang feat. E-Rich,TRKKKMT128F931F7EC
Los Player's,,Aunque Muera De Dolor,TRKKKLK128EF366A4C
Priessnitz,Love;Ballad;love song;rock ballad;alternative rock;melancholic;jeseniky,Sluníčko,TRKKKUZ128F424C706
Don Grusin,jazz,Kickin' Back,TRKKKOZ128F93081C3
Speech Defect,,I Wanna Do My Thing,TRKKKII12903CA32C0
The Chicharones,2005;do pozniejszego sprawdzenia;FiQ,Surf Rock,TRKKKBT128F930A988
The Imperials,,Beautiful Isle of Somewhere,TRKKKVP12903CBA4C8
The Freaks Union,,Almost Romantic,TRKKKAU128F92F3316
3-2 Get Funky,Reggaeton;cubanisimo,Bailen,TRKKKAJ128F1479408
Sister Vanilla,female vocal;alternative rock;rude words;the word go;the word what;the word around;tantotempotaste,What Goes Around,TRKKKRT128EF340DD9
k-os,Canadian;Hip-Hop;Good Hip Hop;shit is official;hip hop;summer;Canadian Hip-Hop;catchy as shit;uber;hiphop classics;music that fucking rocks;best ever;This is my theme song;possibly the hottest song ever;True Hip-Hop;music about music;clever sample usage;ooh my;howcouldunotlikeit;pow pow;sick beat;best beats ever;top quality;if only everyone knew;whadafac;love to death;rap favorites;just to remember;serious shit;my life soundtrack;Hell ya;favourite covers;grossartig;fucking fantastic;buyit;daaam;well produced;geiler shice;hey look its hip hop where people are actually trying;Underground Party;Ill Beat;sickk tune;heisse scheibe;ill track;that other shit;positive;Timeless HipHop;da real underground new skool hip hop;TRUE musical HIP HOP;woofer hissin;rrrrapp;rock rock to the planet rock;hip hop feinkost;underated;Bimmelmucke;scheisse FETT;Holy Crap Machine Gun Acid Flamethrowers with a Complimentary Flower Holder;fettttttttttttttt;Bomb;banger;headphone classic;Sunny weather;youthful;just plain brilliant;supah cool;awesome song title;i sing along to this;the shit I love;Guter Hip Hop;if you dont like this song then we just cant be friends;the strombo show;we are hip hop;phantom planet sample;intriguing name;Dope;best songs ever;legend;Favorite songs ever;good times;I Like It;Masterpiece;laidback;good shit;real hip hop;FUCKING AWESOME;perfect;good music;crazy;sick;happiness;California;genius;independent;feel good;amazing;Favorite;Favourites;favorites;Awesome;rap,I Wish I Knew Natalie Portman,TRKKKLT12903CF299C
Mr. Review,ska;ska punk;CurrentFavs;life OST,The Girl Is Money,TRKKKON128F14A3504
Hazel O'Connor,,Just Like a Woman - Live,TRKKKSE128F9344136
Bill Streett,,Concrescence,TRKKKER128EF3591C0
God Module,trance;industrial;progressive trance;ambient trance;dark electro;god module;electronic;techno;remember this;minemine;critty;Torquemada,Evolve,TRKKKGO128F9329C41
Patton Oswalt,comedy;standup comedy;good shit;humour;patton;pure haha;cleanthemuthafckinhouse;cleaninghouse,The World's Most Amazing Father,TRKKKUY128F4248290
Bill Anderson,country;classic country;good song;jo;gittis;thanksgiving;besta;Besto;bestallof;seebest,Po' Folks,TRKKKNL128F92E3791
Kermit Ruffins,,Chicken and Dumplings,TRKKKMK128F93365AD
黎明,,Yuan Lai Lian Ai,TRKKKWS128F148B4F8
Babes In Toyland,,We Are Family (Album version),TRKKKIQ128EF367653
Elvis Presley,christmas;xmas;Christmas Songs;holiday;rock;Elvis Presley;elvis;50s;rock n roll;oldies;classic rock;Rock and Roll;christmas classics;male vocalists;Christmas Music;holidays;Weihnachten;Rock  Roll;rockabilly;blues;classic Christmas;Jul;christmas oldies;x-mas;pop;blue;christmas cheese;christmastime;Christmas greatest Hits;rockin christmas;Oldie Christmas;Elvis Christmas;Christmas 2007;my christmas stuff;love lost;xxxmas;colors;soulful;favorites;double-ender xmas;christmas popular;Unser Silvester;Real Christmas;XMAS Blues  Jazz;christmasnostalgia;sexy devil;Do You Want The Truth Or Something Beautiful;mmt christmas;BunnyBlues;Chistmass;domillerp0;Radiotsar approved;santa is not real;hl christmas;christmas-v;classic holiday;x-mass;its christmas time;roxbury christmas;home for christmas;the big three;Spiked Eggnog;christophe christmas;flora xmas playlist;Video Elvis;i had this tape when i was little;a14;Christmasocious;lastfm neighborhood radio;Christmas 2008;kambojul;christmas elvis;det er jul;Christmas Scoot;frontloader;xmas best;Brems Tagg radio;gdg christmas;sainker xp;-3;miscellanea;helplessly singing along;Irgendwie und sowieso Filmmusik;dreams songs;xmasparty;christmas rotation;christmas modern classic;Christmas carols;christmas pop;cool christmas;favorite lyrics;christmas jazz;rock christmas;The King;deep voice;temp;1950s;close harmony;revival;male vocalist,Blue Christmas,TRKKKJP128F426416E
Pop Rivets,,2is2,TRKKKPR12903CF2D28
Kofi,,Never Gonna Keep Us Down,TRKKKYE128F421FA30
Screw 32,,Don't Let Them Take You Alive,TRKKKXH128F934BFBB
The Crazy World of Arthur Brown,,Swimfish,TRKKKPL128F935F1B9
Bob Dylan,folk;singer-songwriter;folk rock;rock;classic rock;acoustic;Dylan;70s;tender;Bob Dylan;melancholy;folk-rock;Love;Singer/Songwriter;heartbreak hotel;this is poetry;Favourites;Love it;classic;favorites;harmonica;title is a full sentence;lovely;1975;folkrock;the word you;loved at first listen;drink up;My pop music;breakup rock;retrowhimsy;check the bassline out;Baustar;personal classic;magnolia october;witty lyrics;downhome;bestival;rimbaud;cup of tea;songs I absolutely love;kicking it kickass old school;burninggoat;clear-eyed;oh god;freakey stylish;rest in peace dearest mother;sweet and happy and probably no;jason loves allison;double-ender 3;retrolove;Sesentayochistas;celeste nostalgia;elizabeth lester;texariox;elizabeth marie lester;LIKE BOB EVENTUALLY;breaks your heart;great song played at the right time;the word lonesome;first person songs;contraction songs;the word me;the word make;reminds me of zach;the word gonna;the word when;the word go;lust object;heart;great song;jangly;Sentimental;Bittersweet;songs;romance;perfect;goodbye;1970s;fav;music;sweet;amazing;beautiful;american;sad;alternative;cool;pop;indie;blues;sundaymusic;songs about love;blood on the tracks;The Truth;my soundtrack;affecting;My Heart;great rock albums;amour,You're Gonna Make Me Lonesome When You Go,TRKKKZX128F4266F79
Shola Ama,,Can't Have You - Album Version,TRKKKEX12903CCE686
Epsilon Minus,trance;psytrance;instrumental;industrial;ebm;industrial dance;get more;jennifer parkin;Sousaphonic AOTM 201102,No Future,TRKKKOS128F42423D3
Axel Krygier,Los Pericos,Autoerótico,TRKKKRH128EF35B7EC
Retsin,,The Good Lady Obscacle,TRKKKXE12903CB9413
Michael Allen Harrison,,Nocturne In D Flat Opus 97 No.1,TRKKKGY128F42766D4
PUZIQUe,psychedelic;electronica;trip-hop;experimental,Cissor,TRKKKYB128F4240D07
Wishbone Ash,classic rock;Progressive rock;rock;Wishbone Ash;hard rock;70s;guitar;oldies;Awesome;classic;Jazz Rock;rock ballads;best ever;All time best;Progressive;english rock;male vocalists;70s rock;good easy listening;british progressive rock;rock n roll;close harmony;1972;british hard rock;jazz;classic British rock;blues;Warrior;blues rock;Favourites;art rock;5 Star;heard live;70s heavy metal;telex;My Version of Melancholy;Faust;shinto;Quality stuff;alltimefavs;Pre-Power Metal;british heavy metal;Prog Related;wishbone ash warrior;70s british heavy metal;70s British Hard Rock;70s British Rock;Vige-Rock;early hard rock;puro surf;remember70;music for car driving;getting away with cheesy lyrics because the music delivers;Timeless Beauty;kentucky woman;drinking with friends;for loveless lonely nights;Classic British Hard Rock;british blues rock;Classic British Metal;better on vinyl;over 5 minutes long;nice;great;ballads;heavy metal;prog rock;favorites;beautiful;british;Good Stuff;early metal;British Metal;british rock;heavy rock;classic metal;wishbone ash - warrior;classic heavy metal;legends of rock;classic british heavy metal;acclaimed music top 3000;early heavy metal;guitar blues;proto metal;can;albums I own;70s hard rock;wow;classic hard rock;Traditional Metal;wicked shit;VICTORINO S MUSIC;best songs ever;songs;Wishbone Ash-Warrior;jtm-solo guitar;Binnekort in Mezz;Paganesimi pt 1;Zah;recos,Warrior,TRKKKZL128F428C599
P.K.14,title is a full sentence,some surprises come too soon,TRKKKMB12903CA4D73
Falsalarma,,QuE BuScAiS,TRKKKKE12903CD1527
Giant Sand,country;indie;alt country,Well Enough Alone,TRKKKAR128F932210F
Till Brönner,trumpet;instrumental;waltz;Seasonal,Auld Lang Syne,TRKKKSZ128F428459B
Lincoln Brewster,religious;christian blues;blues rock;eddie;Jana;Lincoln Brewster;-3,The Arms Of My Savior,TRKKKJN128F92DE4B8
Charles Brown,,Walk With Me,TRKKKZS12903CFD93B
Leona Lewis,OneRepublic;leona lewis;Love;soul;pop;beautiful;ryan tedder;produced by Ryan Tedder;rnb;amazing;female vocalists;#1;love at first listen,Lost Then Found,TRKKKWZ128F933D7FC
The Management,,What Do We Do On A Dew, Dew, Dewy Day,TRKKKQQ128F92EC58F
The Aces,,Shed Some Light On Me,TRKKKQW128F92FD83F
Djam Karet,Progressive rock,Scenes From the Electric Circus,TRKKZHX12903CAF47E
Seguridad Social,,Mª Manuela, Directo,TRKKZHH128F4297BA2
Jay Pérez,,Me & Mrs. Jones,TRKKZSH128F93353E4
Todd Agnew,ccm;christian rock;contemporary christian;christian;my fav;nn;cross2life,New Name,TRKKZZK128F92ECB38
Danny Breaks,Hip-Hop,Junkie for Beatz,TRKKZPU12903CBD3AD
Andrés Calamaro,,Uruguayo sin termo,TRKKZZC128F933DE82
Neil Diamond,rock;classic rock;pop;Favorite;70s;USA;Awesome;Good Stuff;adult contemporary;diamond;neil;The Late Show;cgs;diamond crunchy;oldies;breakfast,Crunchy Granola Suite,TRKKZOY128F4262A14
Toby Lightman,,Don't Let Go (Album Version),TRKKZFJ128F1480D95
Isobella,,Solstice,TRKKZZA128F9312E96
Max B & DJ Lazy K,,See Me Style,TRKKZFR128F9308F55
Andrés Calamaro,,Adentro Mío,TRKKZJC128F14802DC
Broken Spindles,audioase,Introvert,TRKKZZG128F932E9D6
Harry Belafonte,calypso;f;nice energy,Man Piaba,TRKKZBM12903D04A34
Tavares,,The Judgement Day (24-Bit Digitally Remastered 03),TRKKZCE12903CF7B77
Sator,,Rise Again,TRKKZEY128F147D96F
Latimore,soul;classic soul,Something 'Bout 'Cha,TRKKZQQ128E07841A0
Lo Fidelity Allstars,My Favorite Things,Deep ellum...Hold on,TRKKZFR12903CB0ED3
lymie,,For You,TRKKZZN128F931B916
Sha Na Na,xmas,An Angel For Christmas,TRKKZRK128F425D2AF
neville morrison,,Gimme That Feeling,TRKKZBE128F422EF44
Snog,,The Human Germ (Black Lung Greets the Brutal Gardener),TRKKZNA128F92D80E3
Margareth Menezes,brasil;brazil;mpb;brasileira;musica popular brasileira,Alegria da Cidade,TRKKZAU128F423E650
Potluck,,Mary Jane (features The Luniz),TRKKZEA128F42944D3
Georges Delerue,Soundtrack,Paris Montage,TRKKZXA128F92C8264
Chick Corea Elektric Band,Fusion;jazz;drjazzmrfunkmusic;funk;jazz fusion;jazz funk,Free Step,TRKKZKV128F149855A
Liv Kristine,female vocalists;Female fronted metal;liv kristine;My Favorites;female vocal;best song of liv featuring her husband;night;female gothic metal;norwegian;inspiring;featuring;spokojne;really fucking good;fajne;eternity and a day;me corto las venas o me las dejo largas;cant sleep;Transcendentic;feb 14;quoi;jlunare;tnphp numbers;mushashita cantarina;jlunarepowerful;metallis;chida41;liv kristine 3am;rock n roll;tranqui;female vocalist;cool;darkwave;female;live;beautiful;symphonic metal;Gothic Metal;metal;melodic metal;Gothic;chill;Power metal;Gothic Rock;blues;classic rock;trip-hop;english;dark electro;alternative;wishlist;electronic;Love;duo,3 am,TRKKZMK128F4257579
Denise LaSalle,soul;female vocalists;soul blues,Don't Pick It Up,TRKKZQA128F4254284
New Bruises,,The Hero, The Thief, And The Liability Of Getting Caught,TRKKZSY128F92E83AD
Odd Logic,,Bright Light,TRKKZHX128F425EAF7
The Psycho Realm,straight gangsta;Sickside Rap;sickbitch,The Crazy Area,TRKKZCW12903D01B95
Damien Rice,singer-songwriter;folk;acoustic;indie;irish;damien rice;Mellow;sad;alternative;Love;beautiful;Awesome;female vocalists;rock;Favourites;melancholy;favorites;melancholic;77davez-all-tracks;intense;pop;male vocalists;Great Lyricists;indie rock;Heartbreaking;favorite songs;rain;winter;romantic;powerful;depressing;folk-rock;alternative rock;singer songwriter;chillout;bitter;indie folk;soft;Soundtrack Of My Life;00s;raining;blue;Singer/Songwriter;heartache;memories;great song;Rainy Day;Sleep;guitar;nice;chill;epic;Favorite;lover;sanity;lovely;late at night;song for crying;emo;touching;emotional;Out Of My Mind;cried to;love at first sight;december;guitars;depressingly beautiful;sad love song;what you want;Your Mouth;SHOUTING;Dream;favourite;porn;Damien Rice - I Remember;city;Bonnaroo 2007;makes me cry;alone;soft rock;Favorite Artists;Love musick;female;emptiness;Without Me;voicescape;love hurts;I wanna hear;stain of my love;Acoustic Rock;want you here;atmospheric;this low;selfdestructive;without you;he;pretty;relaxing;tear forcer;rupe booka,I Remember,TRKKZMN128E0785B0D
Laurindo Almeida,,Dindi,TRKKZDN128F92E55AA
Thaddeus Hogarth,,Because My Baby Told Me So,TRKKZYA128F422FF9F
Monster Magnet,Stoner Rock;road rash;space rock;cool;stoner;stoner metal;grimdorf;pure rock fury;brainmelting;magick;psychadelic;Monster Magnet;Rock on;fave songs;radiohead;groovy;rock;metal,Dinosaur Vacume,TRKKZDY128E0792EAD
Lady of the Sunshine,folk;indie;australian;2k9 mix,The Wolf,TRKKZHQ128F930B47C
Polar,,El Perico,TRKKZRR128F92FE817
Alex Chilton,boogie woogie,Sick and Tired,TRKKZLG128F92F130F
Lyle Lovett,blues;country;jukey pick;spell it out for me;solx;class struggle;to classify;mio;groovie;midtempo;texas country;Love it;contemporary country;male vocals;singer songwriter;Alternative Country-Rock;alternative country;sad;cool;groovy;rock;singer-songwriter;money;country music;country and more,M-O-N-E-Y,TRKKZQA128F93247E2
Seelenzorn,german;Neue Deutsche Haerte,Zu spät für mich,TRKKZHG128F92F22B4
Babyface,rnb;new jack swing,Can't Stop My Heart,TRKKZDB128F426EB83
Steve Hill vs Technikal,,Voodoo,TRKKZZW128F93186FB
Strung Out,,Open Mic,TRKKZLE128F9343989
Girl Talk,mashup;experimental;psycho sampling;serious mercury shit,Ffun Haave To,TRKKZWN12903CF676E
Rain Tree Crow,,Red Earth (As Summertime Ends) (2003 Digital Remaster),TRKKZFU128F9333B9B
2 BMF,,La Flaca (DJ Laz & Bassman Remix),TRKKZXA128F425452B
Victor Borge,,Brahms Lullaby,TRKKZRG128F932E951
Vicente Fernández,,Miraron llorar a un hombre,TRKKZKQ128F9341D94
John Ottman,,Hanging With Baby Jane,TRKKZOG128F92C82A7
Florence + The Machine,female vocalists;indie;alternative;british;indie pop;Florence and The Machine;rock;happy;folk;upbeat;pop;00s;handclaps;dog days are over;female vocalist;optimistic;skins;2009;make me sing;Energetic;favorites;Happiness hit her like a bullet in the head;female;fun;singer-songwriter;beautiful;girl power;love at first listen;Love;indie rock;energy;alt rock;hand claps;Excited;gorgeous music;dancing by myself;great vocals;unique;feeling like my heart is going to collapse with joy;favourite;best of 2009;drums that drive me crazy;art;clapping;love this beat;i can do anything;Favourites;dance to this in my underwear;dramatic;loved at first listen;party;wheeee;sing at the top of my lungs;Uplifting;2008;good;Life Is Too Short;Awesome;catchy;feel good;epic;Lyrical Dissonance;great lyrics;motherfuckin rabbits ejaculating sunshine;lovely;<3;jump around laughing like a fool;summer 2009;british indie;pretty good;power;zajebistosc poteguje w niebiosa;sing along;florence;shivers;Better than expected;Anthemic;2000s;amazing;blows my mind;leapsandleeloo;extremely addictive;Indie British;covert affairs;there is still hope;songs of 2009;drums;stuck in a dark silent classroom for 6 hours;pop rock;songs that you wanna listen to over and over again;lungs;he did not even know that when he yielded to this sorrow he overcame the spectral and fell asleep;Like Like Like;UK;summer;alternative pop;april 2011;Like;kicking and screaming;przesladuje mnie odkad sie obudzilam,Dog Days Are Over,TRKKZWM12903CE7BF0
The Hollywood Flames,rhythm and blues;50s;Rock and Roll;doo wop;oldies;rock n roll;jive;50's;jump blues;vocal groups;Swing RocknRoll,Buzz Buzz Buzz,TRKKZHN128F9359E90
Big Time Sarah,,Trying to Make a Living,TRKKZPM128F92F9E27
Fausto,,O Mar,TRKKZGP128F427F64D
The Vandals,punk,The Unseen Tears Of The Albacore,TRKKZJU128F4289B06
Myriam,,Una Noche Mas,TRKKXMF128F4259DBB
Otis Redding & Carla Thomas,soul;oldies;funk;Favourites;stax;knockmon wood;music for car driving,Knock On Wood   (LP Version),TRKKXKN128EF3445BE
PC Synergy,,Other Stuff,TRKKXIV12903CEE7F6
Orleans,,Siam Sam,TRKKXLZ128F92F40D1
Vicente Infante,,Ruletero,TRKKXNP12903CED985
22,,suomiesE twinS,TRKKXBK12903D0A08C
Rupert Hine,synthpop;80s;rock;pop;electronic;fav songs;electronic songs;1982 songs;the word up;the word set;slantrock;DERartig RATsam;2000 Jahre E-Gitarre,The Set Up,TRKKXLL12903CF5637
Field Music,male vocalists;brit pop;british;indie rock;singer-songwriter;rock;top 2007-8 : Jun 08;Top 2007-8;2007 gold;top 2007 : Jun 08;top 2007;00s Party Girl Soundtrack;best 2007;happy indie pop;2007;pure joy;field music;i am a party girl here is my soundtrack;club-dance rock;male vocalist;poprock;00s;england;english;indie pop;britpop;pop;sublime;body parts;the word close;the word hand;the word at,Closer At Hand,TRKKXJZ128EF342D6D
mewithoutYou,rootbeer float on our banana boat;animals;jolly;plvaronaswow2009;magic male voice;-3;current favorite song;tallented;crows;pastry;cookies;indie christian;songs about animals;foxes;love at first sight;tuba;like it;fable;male vocals;weird;amazing;birds;folk;The most listened song of the week,The Fox, The Crow And The Cookie,TRKKXYX128F92E0A0D
Lara Fabian,french;female vocalists;pop,Aime,TRKKXQQ128F931086C
Calle 13,Reggaeton;calle 13;raggeton;PG-13;PA,La Tripleta,TRKKXMI128F92EFC40
Fernando Delgadillo,,Tienes que mirar,TRKKXXC12903CD506A
Texas Faggott,,PuRkKaLeiRi,TRKKXCY128F425B3E3
The Harvest Ministers,,Silent House,TRKKXBQ128F427F1A6
Donna Gardier,,One and Only,TRKKXLS128F935E755
Pete Yorn,rock;singer-songwriter;indie;alternative;Pete Yorn;2000s;colors;alternative rock;indie rock;american;colours;00s;Black;All time favorite;love at first listen;roadtrip;I like this;play it again sam;driving song;catchy as hell;yorny;ringing guitars;DM mood;smoky voice beauty;yirim yirim;Emotional Adult Rock;Sentimental Favorites From The 2000s;Noah Eatons All-Time Favorite Songs;Alternative In The 2000s;just spinners;slordig;sad y fav;pop;acoustic;good;favorites;sweet;Ballad;dark;catchy;very nice;singer songwriter;bright;colorful;Workout;Alt-country;nifty;2001;male vocalist;music for good moods;Adult Alternative;songs you must sing along with;lexa;Love;rockin out;chill,Black,TRKKXFA128F426248B
Marco Masini,chrissy italien,Il Posto Delle Fragole,TRKKXQT128F42A9414
Handsome Devil,queer as folk;Smallville;Favourites;QaF;dirty;badass;naughty;PADDYS MIX;PADDYS NEW MIX;heard on Pandora;satan and hell,Tie Me Up,TRKKXZW128F428C772
Basslovers United,hands up,Doubledecker,TRKKXNL12903CF8F51
Eddie Holland,soul;motown;rhythm and blues;oldies;northern soul;northern motown;60s;male vocalists;hdh;i love him;tamla;close harmony;northern;vocals;piano;theos soulfood;shag;hman-nsoul;billboard hits to check out - the 60s;keep-the-faith,Just Ain't Enough Love,TRKKXTM128F931B14C
Margaret Whiting,,All In Fun,TRKKXLX128F149A28E
Showaddywaddy,rock;70s;oldies;adult contemporary,Sweet Music,TRKKXND128F92D0D65
Juice Newton,,Easy Way Out,TRKKXQS128F9313B0E
I Cugini di Campagna,,Sapessi quanto,TRKKXTD128F426EA6B
Sleeping States,down by the river;daytrotter;best of 2007;elovibeloved;summer;Favourites;Laid-back;singer;select;soft pop;SPARKS;Scootervonhootanany;inez,Rivers,TRKKXBN128F427BC0E
Neviss,,Saint Brokenheart,TRKKXJP12903CAE211
Jackie Allen,,If I Had (Live),TRKKXBM128F147B064
Martyn Hare,,iRave,TRKKXZY128F932DA78
Madness,,Un Passo Avanti ('one Step Beyond...' Italian Version) (Bonus Track),TRKKXWB128F9310BF9
Babasónicos,rock;indie rock,Ciegos Por El Diezmo,TRKKXNN128F427EA63
Neil Landstrumm,rice krispy treats;dub;idm;good shit;ragga;emusic;dubtronica;dubtek-step;rave step;scatter funk;dubfunktronica;DUBTEKSTEP;Solomusika-Loved;bull,Assassin Master,TRKKXHQ128F426A9BB
Ray Conniff,,I'm in the Mood for Love,TRKKXSW128F42654C5
Arturo Sandoval,,Los Elefantes,TRKKXHE128F92E41C9
Dance Hall Crashers,ska;favorites;ska punk;female vocalists;seen live,Othello,TRKKXHG128F421A24C
Toby Keith,country;pop;emo;alternative rock;pop rock;wrecker;stared;my favorite;toby keith,It's All Good,TRKKXKG128E0791E74
Roommate,synth pop;loved,Typhoon,TRKKXPZ128F42523F9
The Telepathic Butterflies,easy listening,Yearbook,TRKKXOS128F933727A
Tampa Red,blues,Witchin' Hour Blues,TRKKXXJ128F935998D
The Baltimore Consort,,On the banks of Helicon,TRKKXBU128F9335CC8
Llwybr Llaethog,,Drilacila,TRKKXDD12903CF9171
Cult of Luna,Sludge;post metal;Post-Metal;Post-core;metal;Progressive metal;heavy metal;doom metal;intense;post doom metal;9 lbs hammer,The Great Migration,TRKKXRV12903CDDCB7
Åge Aleksandersen,rock;Ballad;norwegian;lovesong,Frokost,TRKKXGG12903D01A04
Cosmic Baby,,sowjetskaja II,TRKKXYK128F425018E
A Global Threat,,Fucking Racist Maggots (Album Version),TRKKXPF128F427B1FA
Inhume,goregrind;Brutal Death Metal;grindcore,Virus,TRKKXSX128F933EB09
Simon & Garfunkel,folk;60s;folk rock;classic rock;rock;singer-songwriter;acoustic;Simon and Garfunkel;pop;oldies;folk-rock;1967;animal kingdom;Mellow;male vocalists;folk-pop;golden oldies;1968;popular;fun;evf4;my zany zoo;60s favorites;zoo;animals;at the zoo;bouncy funtime;Favorite Artists;feel good;hippie;folkrock;gdchills60s;catchy;favorites;handclaps;77davez-all-tracks;chillout dance;songs that remind me of summer;xxcitizenxx;winding down;i fucking love this song;sunshine songs;stef;summer in the city;hey song yer so fucking cute;favourite songs of all time;flashbacks;70s college faves;godly;70s high school faves;Toe Tapping;one of the greatest songs ever;furry;silent intensity;clapping;Coolest guys;Flower Power;good for driving;songs about animals;zoos;1960's;folk favorites;songs that make me feel warm inside;this song makes my brain smile;8112;totally random subject;Mike and SG;Simon and Garfunkel - At the zoo;maren;animal crackers;songs you gotta dance to;songs with animals;songs that are silly;dreams songs;celeste nostalgia;ella songs;songs that are bouncy;songs about the ZOO;Budsbuddy;songs referencing someone told me;songs about being dumb;bass line to learn;breakfast music;yiuh;xxx2;brilliant beautiful;mellow man;Happy Weekend;songs for bicycling;songs I sing along to;dakos hall of fame;fabaroonee;songs about work;jimi og rene;sunshiny;Simon and Grafunkel;luka w;muj tag;New late night lax;rockmat,At The Zoo,TRKKXDY128F4284AC8
Cancer Bats,metal;Sludge;hardcore,Doomed To Fail,TRKKXLI12903CFA31A
Willie Nelson,Willie Nelson;memories;texmex;Laredo;lobest;cactus1967,Sweet Memories,TRKKXCF128F425B1FB
Josh Ritter,folk;singer-songwriter;alternative;seasonless;andyfolk;independant folk;reminds me of the road trip;for later;stuff to hear;Either they have beards or they should have beards;contemporary folk;good song;field recordings;Faves;Singer/Songwriter;singer songwriter;Alternative Country-Rock;Current favorite songs;good;indie;Mellow;seen live;Josh Ritter,Other Side,TRKKXEL128F42633FF
Nickodemus,funk;a simple classic party;funky;chillout;Hip-Hop;re;metro funky;Flowhop;funkadunk,Give the drummer some (fort knox five remix),TRKKXSR128F92E819C
Toots and the Maytals,reggae;zion train,Canary in a Coalmine,TRKKXQF128F92FFD28
Stray,,Gonna Have Party,TRKKXVR128F92F93A1
Spencer Brewer,instrumental;piano;new age;new age accoustic neoclassical;sensual;relaxation;Richard;James LaRoche;deep energy 2,First Rain,TRKKXJO128F425C4A4
The Damnwells,rock;alternative;great song;6am;the way you look;mystie chamberlin;Just Another Folk Singer;The Merch Grrls;ThrowAway Grrls;Teh Typos;The Devil and The Deep Blue Sea,Kiss Catastrophe,TRKKXSM128F92F2A1B
Charles Wright & the Watts 103rd Street Rhythm Band,,Caesar's Palace (Remastered Version),TRKKSCS128F423932C
Itchyworms,Pinoy Rock;Cabin Crew;itchyworms;pop;OPM;k;Filipino;pinoy;eagis;mais;Leo Lastimosa,Happy House,TRKKSZR12903CEE073
Sam Brown,80s;rock;female vocalists;ecto;blues;pop;beatles;bag-o,Sometimes,TRKKSZC128F9310D80
Train,rock;90s;alternative;train;alternative rock;pop;Meet Virginia;Favorite;chill;High School;virginia;favorites;pop rock;chillout;fun;great song;top 40;alt rock;good mood;memories;driving music;Guilty Pleasures;Mellow;singer-songwriter;easy listening;pop favorites;acoustic;Character Portrait;sweet;lyrics;amusing;safmacsweeney;josh radio;Sunny Days;river music;hit;essential 90s;adult pop-rock;Faves;Their Best Song;Tell Me a Story;my soundtrack;90s pop rock;Love it;90's;Sommer;personal favourites;loved;cool;classic;relax;cute;USA;Awesome;live;schrockstar;mississippi;so nice;Redemptive;Thematic;easyrock;Kringle20 Favs;story of a girl;girls name;indie;My 90s;dazed;ninetys;favourite;Driving;4 minute madness;tportal;2 am and counting;Cheffy;lisvn;song ive heard live;hard rock;instrumental;rockit;songs that make me cry;matchbox20;songs about me;royalty;acoustic yumminess;mellowness;Great Music Mix;Chill Mixer;about a girl;love at first sight;likeit;Whiskey Weed Women;www;cold case;jerry;lyric love;americana;y100;cabaret;hook;8th and 9th grade,Meet Virginia,TRKKSRH128F426473F
The Bottle Rockets,,Queen Of The World (LP Version),TRKKSGO128F427D50A
Pétur Ben,,Pack Your Bags,TRKKSTW128F428FAF8
NewSong,,As The World Slept,TRKKSRS128F930762D
Spray,Sousaphonic AOTM 201102,She's A Brainiac,TRKKSRZ128F9300F3C
Wu-Tang Clan,hip hop;Gangsta Rap;wu-tang;Dope;stream,Latunza Hit,TRKKSZP128F92EA083
Margaret Whiting,female vocalists;favorites;50s;40s;early pop;40s-50s;Early Baby Boomer,That Old Black Magic,TRKKSXO128F92E30CC
Rhian Sheehan,Top Gear,Somewhere Within,TRKKSMX128F92F6765
We All Have Hooks for Hands,indie;alternative;upbeat;catchy;Remember;well produced;instrumental intro;sounds like spring,Oh I'd Expect,TRKKSLN12903CD64D7
Michael Jackson,michael jackson;pop;dance;king of pop;dance pop;2001;watts;soul;energy;00s;tyrese;invincible;king of music;pop rock;rock;funk;rap;gaming music;Jessica Simpson;out of this world;janet jackson;tweet;Killer Tunes;whitney houston;toni braxton;Lindsay Lohan;machine;floetry;lauryn hill;Aaliyah;beyonce;favori-pop;Simply MJ;Michael-Jackson-the-king-of-pop;2000 watts;Tyler Adam;sam sparro;calvin harris;Kiley Dean;dance and dj;power voice;darkchild;michelle williams;90 bpm;2000's;ray-j;cassie;diplo;Kelly Rowland;80s;singer-songwriter;rnb;USA;rhythm and blues;chill;Esthero;Madonna;Disco;Jam;Britney Spears;Mariah Carey;harmonies;Nelly Furtado;urban;2000;Immortal;Busta Rhymes;Justin Timberlake;I love this song;Mya;Christina Aguilera;Brandy;Rihanna;Robin Thicke;male vocalists;Kanye West;adult contemporary;Favorite artist;Monica;black music;outkast;Favourites;talia;favorite songs;favorites;numbers add up to nothing;arabesk;My Favorites;raj;classic;pop music tag,2000 Watts,TRKKSAF128F92DA44C
Cheb Mami,song,Sabran (Ya Ghali),TRKKSOC128F1492FFC
The Nolans,80s;pop;oldies;female vocalists;close harmony;dance;Disco;pop espaol;UK;Nolans;uk chart hits to check out - the 70s,Don't Love Me Too Hard,TRKKSGH128F92D3078
Swingin' Utters,great;punk,Nowhere Fast,TRKKSRQ128F421A1B8
Big D and the Kids Table,,She's Lovely (Stripped Down),TRKKSYX12903CEB219
Zion I,clasSICKhiphop;crescent 2 smelly;raposti;do you really want crescentfresh tunes;Crocker;Stoned Beats;wherehouse days;shit i adore;the city life;b-boy stance;mellow smart hip-hop;my life soundtrack;preparty;sick beats;loved;truth;memories;Awesome,Silly Puddy,TRKKSQR12903CB4EFD
Willie Dixon,,Juice-Head Bartender,TRKKSZY128F42703A0
Ras Michael,,I`m A Man Just Like You,TRKKSAG128F930CBA8
Juan Valentin,,Ojitos Provincianos,TRKKSPT128F427207E
Patti Smith,rock;female vocalists;punk;proto-punk;patti smith;70s;american;cool;Awesome Guitar Jams;singer songwriter;Awesome Guitar Jam;political;indie;great;imemine;Rock  Roll;Another reason to live and love;madameb;songs with numbers;killforpeace;PSG;flirt;pure-;pure-emo;One;NYC;chick rock;rocking out;New York Punk;USA;new wave;alternative rock;alternative;singer-songwriter;Driving;classic rock;Solomusika-Loved,25th Floor,TRKKSSG128F428D0FA
I Cugini di Campagna,,Valeria,TRKKSVS128F426EBAD
Los Chichos,verbena;buenrollito;gitaneo,Mujer Cruel,TRKKSHD128F428CA45
Stephan Remmler,,Im Krankenhaus Mit Café Drechsler,TRKKSYP128F424F203
Booker T. & The MG's,christmas,Night Owl Walk (LP Version),TRKKSUA128F4241350
Kokayi,,DCB,TRKKSMP128F425FF8E
Twinkle Twinkle Little Rock Star,,Buffalo Soldier,TRKKSEB12903CC8ABF
Guildo Horn,,Habe Ma Wieda (Hawa Nagila),TRKKSSI128F4271692
Cave In,Dreamy;rock;space;melancholy;spacey;hardcore;night;Progressive;Favourites;floaty;cave in;heard on Pandora,Seafrost,TRKKSKN128F42928D8
Tom T. Hall,,Bluegrass Break Up,TRKKSJM128F14639E1
Lenny Breau,jazz;guitar jazz;jazz guitar,A Taste Of Honey,TRKKSZY128F93273BD
The Impressions,,You've Got Me Runnin',TRKKSTL128E079936E
Julio Preciado,ranchera;latin;ranchero;mariachi;spanish;My Jams;PAL NORTE;my fav five;BANDA;julio preciado,Esa Pared,TRKKSMO128F92F635F
Grayson Manor,,Mamasita,TRKKSSQ128F9330CF5
Jack Peñate,,Tonights Today,TRKKSZI128F933F34C
Threats,Uk 82,Go To Hell,TRKKSCW128F9359480
Daleka Obala,,Ruzinavi Brod,TRKKSIF12903CF0370
Ras Shiloh,reggae;ras shiloh humanity,Humanity,TRKKSHH128F9315F41
Pat Metheny Trio,,Capricorn (Album Version),TRKKSJV128F931BD66
Pretty Maids,cover;metal;deep purple cover;ambiance;deep purple;mr under-cover-me,Perfect Strangers,TRKKSER128F4241C16
Big Bill Morganfield,blues;Muddy Waters son,Trace Of You,TRKKSXH128F421AECC
Takana Zion,,Depui a dub,TRKKSHK128F425C932
Pulcher Femina,futurepop;synthpop;zajimavy,Autumn Wind,TRKKSFB128F92EAC05
